{
  "voices": [
    {
      "amp": 0.021099168859794543,
      "ampLfoDepth": 1.5755624941266908,
      "ampLfoHz": 0.0143577999646421,
      "ampLfoSpeedModDepthHz": 4.712434038010526,
      "ampLfoSpeedModHz": 0.05221964534456442,
      "ampLfo2Hz": 0.08643021107819658,
      "ampLfo2Depth": 1.5898944663475023,
      "ampLfo2SpeedModDepthHz": 4.725213599862814,
      "ampLfo2SpeedModHz": 0.35,
      "fastAmpLfoHz": 7.809377991879264,
      "fastAmpLfoDepth": 0.16813700177929114,
      "fastAmpLfoSpeedModDepthHz": 1,
      "fastAmpLfoSpeedModHz": 0.01654511444410912,
      "panLfoHz": 0.05,
      "panLfoDepth": 0.95,
      "note": -12
    },
    {
      "amp": 0,
      "ampLfoDepth": 1.5213291916899736,
      "ampLfoHz": 0.015611694652975943,
      "ampLfoSpeedModDepthHz": 5,
      "ampLfoSpeedModHz": 0.022215529562411605,
      "ampLfo2Hz": 0.07667326265779449,
      "ampLfo2Depth": 1.6,
      "ampLfo2SpeedModDepthHz": 4.907974693972611,
      "ampLfo2SpeedModHz": 0.31454969211040146,
      "fastAmpLfoHz": 2.9313247689731683,
      "fastAmpLfoDepth": 1.5568959064581014,
      "fastAmpLfoSpeedModDepthHz": 1,
      "fastAmpLfoSpeedModHz": 0.04071322532151054,
      "panLfoHz": 0.048886625974832384,
      "panLfoDepth": 0.48,
      "note": 8.586541305598809,
      "carrierDetuneRatio": 1.0116194403019225
    },
    {
      "amp": 0.018935477956252982,
      "ampLfoDepth": 1.5457406448864925,
      "ampLfoHz": 0.023282704211974956,
      "ampLfoSpeedModDepthHz": 4.8731716426958265,
      "ampLfoSpeedModHz": 0.05238796484713832,
      "ampLfo2Hz": 0.07588084132021924,
      "ampLfo2Depth": 1.559311052430261,
      "ampLfo2SpeedModDepthHz": 4.885945228530547,
      "ampLfo2SpeedModHz": 0.35,
      "fastAmpLfoHz": 5.266209656630599,
      "fastAmpLfoDepth": 1.4122560912726074,
      "fastAmpLfoSpeedModDepthHz": 1,
      "fastAmpLfoSpeedModHz": 0.03558235079271359,
      "panLfoHz": 0.05,
      "panLfoDepth": 0.9406560819134245,
      "note": -17
    },
    {
      "amp": 0.019506529554027725,
      "ampLfoDepth": 1.4954552168552973,
      "ampLfoHz": 0.039277648691593434,
      "ampLfoSpeedModDepthHz": 4.808770355002203,
      "ampLfoSpeedModHz": 0.02841100078593363,
      "ampLfo2Hz": 0.1325248151156184,
      "ampLfo2Depth": 1.6,
      "ampLfo2SpeedModDepthHz": 5,
      "ampLfo2SpeedModHz": 0.35,
      "fastAmpLfoHz": 4.680043684970562,
      "fastAmpLfoDepth": 1.0211751542576415,
      "fastAmpLfoSpeedModDepthHz": 1,
      "fastAmpLfoSpeedModHz": 0.023960588650733805,
      "panLfoHz": 0.025793506717052512,
      "panLfoDepth": 0.9024484554211256,
      "note": -17
    },
    {
      "amp": 0.020656114423125076,
      "ampLfoDepth": 1.515723474737527,
      "ampLfoHz": 0.04160457221593915,
      "ampLfoSpeedModDepthHz": 5,
      "ampLfoSpeedModHz": 0.043995982516791175,
      "ampLfo2Hz": 0.06917671239371123,
      "ampLfo2Depth": 1.534218076379555,
      "ampLfo2SpeedModDepthHz": 5,
      "ampLfo2SpeedModHz": 0.22780536347360508,
      "fastAmpLfoHz": 6.809126411738796,
      "fastAmpLfoDepth": 0.595779112223814,
      "fastAmpLfoSpeedModDepthHz": 1,
      "fastAmpLfoSpeedModHz": 0.03837112988101271,
      "panLfoHz": 0.05,
      "panLfoDepth": 0.9429049681038374,
      "note": -12
    },
    {
      "amp": 0.020593601249832102,
      "ampLfoDepth": 1.557515229583709,
      "ampLfoHz": 0.014922371301672269,
      "ampLfoSpeedModDepthHz": 4.738454353166384,
      "ampLfoSpeedModHz": 0.02,
      "ampLfo2Hz": 0.1576418054587022,
      "ampLfo2Depth": 1.6,
      "ampLfo2SpeedModDepthHz": 5,
      "ampLfo2SpeedModHz": 0.3462422992330085,
      "fastAmpLfoHz": 3.442523750498426,
      "fastAmpLfoDepth": 1.4149242700367848,
      "fastAmpLfoSpeedModDepthHz": 1,
      "fastAmpLfoSpeedModHz": 0.016535849642227207,
      "panLfoHz": 0.04849990022050196,
      "panLfoDepth": 0.9037583684615693,
      "note": -12
    },
    {
      "amp": 0.020823241990879936,
      "ampLfoDepth": 1.5809426937304758,
      "ampLfoHz": 0.03900394884235607,
      "ampLfoSpeedModDepthHz": 4.960994805689201,
      "ampLfoSpeedModHz": 0.049690817722379745,
      "ampLfo2Hz": 0.060888276036797064,
      "ampLfo2Depth": 1.6,
      "ampLfo2SpeedModDepthHz": 4.776345617202191,
      "ampLfo2SpeedModHz": 0.2604638511807628,
      "fastAmpLfoHz": 3.466901699841218,
      "fastAmpLfoDepth": 1.092964454085623,
      "fastAmpLfoSpeedModDepthHz": 1,
      "fastAmpLfoSpeedModHz": 0.01653560891632184,
      "panLfoHz": 0.05,
      "panLfoDepth": 0.95,
      "note": -15
    },
    {
      "amp": 0.01956880891599432,
      "ampLfoDepth": 1.492223336906471,
      "ampLfoHz": 0.016425460958353937,
      "ampLfoSpeedModDepthHz": 4.9655929986074545,
      "ampLfoSpeedModHz": 0.02,
      "ampLfo2Hz": 0.058263286178773556,
      "ampLfo2Depth": 1.5626740585311023,
      "ampLfo2SpeedModDepthHz": 5,
      "ampLfo2SpeedModHz": 0.29205442889982314,
      "fastAmpLfoHz": 3.4533111564495496,
      "fastAmpLfoDepth": 1.3830424483326866,
      "fastAmpLfoSpeedModDepthHz": 1,
      "fastAmpLfoSpeedModHz": 0.018812661202038398,
      "panLfoHz": 0.03788679947338662,
      "panLfoDepth": 0.9089827550165315,
      "note": -7
    },
    {
      "amp": 0.019928101953498114,
      "ampLfoDepth": 1.6,
      "ampLfoHz": 0.025156757149142457,
      "ampLfoSpeedModDepthHz": 4.769551445839356,
      "ampLfoSpeedModHz": 0.05209512316218318,
      "ampLfo2Hz": 0.1183731786362877,
      "ampLfo2Depth": 1.5314916792445565,
      "ampLfo2SpeedModDepthHz": 5,
      "ampLfo2SpeedModHz": 0.35,
      "fastAmpLfoHz": 2.8963618102667867,
      "fastAmpLfoDepth": 1.3995507764880477,
      "fastAmpLfoSpeedModDepthHz": 1,
      "fastAmpLfoSpeedModHz": 0.04003546478268961,
      "panLfoHz": 0.05,
      "panLfoDepth": 0.9292605768410164,
      "note": -14
    },
    {
      "amp": 0.019658691851785103,
      "ampLfoDepth": 1.5775652893470569,
      "ampLfoHz": 0.016706370237600836,
      "ampLfoSpeedModDepthHz": 4.78170092117081,
      "ampLfoSpeedModHz": 0.021644535891802725,
      "ampLfo2Hz": 0.056776758606516514,
      "ampLfo2Depth": 1.6,
      "ampLfo2SpeedModDepthHz": 4.989978805065616,
      "ampLfo2SpeedModHz": 0.35,
      "fastAmpLfoHz": 6.284420120160989,
      "fastAmpLfoDepth": 1.3007906891691765,
      "fastAmpLfoSpeedModDepthHz": 1,
      "fastAmpLfoSpeedModHz": 0.02029174448228536,
      "panLfoHz": 0.034105213746220185,
      "panLfoDepth": 0.95,
      "note": -13
    },
    {
      "amp": 0.019039296850780794,
      "ampLfoDepth": 1.5745146068980531,
      "ampLfoHz": 0.03879332539552138,
      "ampLfoSpeedModDepthHz": 5,
      "ampLfoSpeedModHz": 0.05093620609127519,
      "ampLfo2Hz": 0.055373681301419016,
      "ampLfo2Depth": 1.5767467514315499,
      "ampLfo2SpeedModDepthHz": 4.897969916741822,
      "ampLfo2SpeedModHz": 0.20008614655452353,
      "fastAmpLfoHz": 5.406498642896744,
      "fastAmpLfoDepth": 0.15756789443479147,
      "fastAmpLfoSpeedModDepthHz": 1,
      "fastAmpLfoSpeedModHz": 0.03946918521282805,
      "panLfoHz": 0.05,
      "panLfoDepth": 0.9451020694202981,
      "note": -11
    },
    {
      "amp": 0.020849577455071166,
      "ampLfoDepth": 1.5811723130158475,
      "ampLfoHz": 0.01851795492884292,
      "ampLfoSpeedModDepthHz": 4.810377540092538,
      "ampLfoSpeedModHz": 0.053639890994649525,
      "ampLfo2Hz": 0.06980595780184988,
      "ampLfo2Depth": 1.6,
      "ampLfo2SpeedModDepthHz": 5,
      "ampLfo2SpeedModHz": 0.35,
      "fastAmpLfoHz": 7.784582532322997,
      "fastAmpLfoDepth": 0.8519775868087337,
      "fastAmpLfoSpeedModDepthHz": 1,
      "fastAmpLfoSpeedModHz": 0.032185091372647814,
      "panLfoHz": 0.039247816825240006,
      "panLfoDepth": 0.95,
      "note": -15
    }
  ],
  "voiceMacros": {
    "amp": 0.02,
    "ampLfoDepth": 1.5598891126271077,
    "ampLfoHz": 0.028578673858795936,
    "ampLfoSpeedModDepthHz": 5,
    "ampLfoSpeedModHz": 0.035,
    "ampLfo2Hz": 0.10961219979208248,
    "ampLfo2Depth": 1.6,
    "ampLfo2SpeedModDepthHz": 5,
    "ampLfo2SpeedModHz": 0.35,