{
  "voices": [
    {
      "amp": 0.10549584429897273,
      "ampLfoDepth": 1.5755624941266908,
      "ampLfoHz": 0.024693792859910326,
      "ampLfoSpeedModDepthHz": 4.712434038010526,
      "ampLfoSpeedModHz": 0.03500646246659602,
      "ampLfo2Hz": 0.14241134802333016,
      "ampLfo2Depth": 1.5898944663475023,
      "ampLfo2SpeedModDepthHz": 4.725213599862814,
      "ampLfo2SpeedModHz": 0.1967266734610795,
      "fastAmpLfoHz": 7.893417356610987,
      "fastAmpLfoDepth": 1.5787418244106695,
      "fastAmpLfoSpeedModDepthHz": 1,
      "fastAmpLfoSpeedModHz": 0.04146844084478,
      "panLfoHz": 0.05,
      "panLfoDepth": 0.95,
      "note": -10
    },
    {
      "amp": 0,
      "ampLfoDepth": 1.5213291916899736,
      "ampLfoHz": 0.017323714886619754,
      "ampLfoSpeedModDepthHz": 5,
      "ampLfoSpeedModHz": 0.04042097369634744,
      "ampLfo2Hz": 0.13653301603245424,
      "ampLfo2Depth": 1.6,
      "ampLfo2SpeedModDepthHz": 4.907974693972611,
      "ampLfo2SpeedModHz": 0.35,
      "fastAmpLfoHz": 3.777270046281783,
      "fastAmpLfoDepth": 1.0378364195489487,
      "fastAmpLfoSpeedModDepthHz": 1,
      "fastAmpLfoSpeedModHz": 0.017033446645200085,
      "panLfoHz": 0.05,
      "panLfoDepth": 0.85,
      "note": 1.3766780072595395,
      "carrierDetuneRatio": 1.0145453349375237
    },
    {
      "amp": 0.09467738978126491,
      "ampLfoDepth": 1.5457406448864925,
      "ampLfoHz": 0.03879085899118866,
      "ampLfoSpeedModDepthHz": 4.8731716426958265,
      "ampLfoSpeedModHz": 0.035199360080395425,
      "ampLfo2Hz": 0.05711318608022036,
      "ampLfo2Depth": 1.559311052430261,
      "ampLfo2SpeedModDepthHz": 4.885945228530547,
      "ampLfo2SpeedModHz": 0.35,
      "fastAmpLfoHz": 5.472499478366709,
      "fastAmpLfoDepth": 1.1411115409089905,
      "fastAmpLfoSpeedModDepthHz": 1,
      "fastAmpLfoSpeedModHz": 0.023120087094794264,
      "panLfoHz": 0.043424917378403594,
      "panLfoDepth": 0.9406560819134245,
      "note": -22
    },
    {
      "amp": 0.09753264777013862,
      "ampLfoDepth": 1.4954552168552973,
      "ampLfoHz": 0.02407030138750098,
      "ampLfoSpeedModDepthHz": 4.808770355002203,
      "ampLfoSpeedModHz": 0.047701781743300184,
      "ampLfo2Hz": 0.07522999441235095,
      "ampLfo2Depth": 1.6,
      "ampLfo2SpeedModDepthHz": 5,
      "ampLfo2SpeedModHz": 0.35,
      "fastAmpLfoHz": 6.583872199622572,
      "fastAmpLfoDepth": 1.2321296297563813,
      "fastAmpLfoSpeedModDepthHz": 1,
      "fastAmpLfoSpeedModHz": 0.03477025855294794,
      "panLfoHz": 0.04571352610204693,
      "panLfoDepth": 0.9024484554211256,
      "note": -17
    },
    {
      "amp": 0.10328057211562539,
      "ampLfoDepth": 1.515723474737527,
      "ampLfoHz": 0.0415630764647651,
      "ampLfoSpeedModDepthHz": 5,
      "ampLfoSpeedModHz": 0.053552406103070646,
      "ampLfo2Hz": 0.05997048390928957,
      "ampLfo2Depth": 1.534218076379555,
      "ampLfo2SpeedModDepthHz": 5,
      "ampLfo2SpeedModHz": 0.35,
      "fastAmpLfoHz": 7.671195042774587,
      "fastAmpLfoDepth": 0.4019216799907291,
      "fastAmpLfoSpeedModDepthHz": 1,
      "fastAmpLfoSpeedModHz": 0.019113873282082028,
      "panLfoHz": 0.0334634395865514,
      "panLfoDepth": 0.9429049681038374,
      "note": -16
    },
    {
      "amp": 0.10296800624916053,
      "ampLfoDepth": 1.557515229583709,
      "ampLfoHz": 0.02019906908483023,
      "ampLfoSpeedModDepthHz": 4.738454353166384,
      "ampLfoSpeedModHz": 0.021235750366689603,
      "ampLfo2Hz": 0.1469247750285056,
      "ampLfo2Depth": 1.6,
      "ampLfo2SpeedModDepthHz": 5,
      "ampLfo2SpeedModHz": 0.18890202975251447,
      "fastAmpLfoHz": 3.450254536291752,
      "fastAmpLfoDepth": 1.3528726234326796,
      "fastAmpLfoSpeedModDepthHz": 1,
      "fastAmpLfoSpeedModHz": 0.041462612666273636,
      "panLfoHz": 0.05,
      "panLfoDepth": 0.9037583684615693,
      "note": -14
    },
    {
      "amp": 0.10411620995439969,
      "ampLfoDepth": 1.5809426937304758,
      "ampLfoHz": 0.02553912761319072,
      "ampLfoSpeedModDepthHz": 4.960994805689201,
      "ampLfoSpeedModHz": 0.038805983842987876,
      "ampLfo2Hz": 0.06344626956292196,
      "ampLfo2Depth": 1.6,
      "ampLfo2SpeedModDepthHz": 4.776345617202191,
      "ampLfo2SpeedModHz": 0.35,
      "fastAmpLfoHz": 3.5668154200615394,
      "fastAmpLfoDepth": 1.1567359046431989,
      "fastAmpLfoSpeedModDepthHz": 1,
      "fastAmpLfoSpeedModHz": 0.04146233678380837,
      "panLfoHz": 0.04410607742723088,
      "panLfoDepth": 0.95,
      "note": -15
    },
    {
      "amp": 0.09784404457997159,
      "ampLfoDepth": 1.492223336906471,
      "ampLfoHz": 0.030064654290397553,
      "ampLfoSpeedModDepthHz": 4.9655929986074545,
      "ampLfoSpeedModHz": 0.033482373563674145,
      "ampLfo2Hz": 0.10625561231140841,
      "ampLfo2Depth": 1.5626740585311023,
      "ampLfo2SpeedModDepthHz": 5,
      "ampLfo2SpeedModHz": 0.35,
      "fastAmpLfoHz": 7.442972935433355,
      "fastAmpLfoDepth": 1.4550145316566185,
      "fastAmpLfoSpeedModDepthHz": 1,
      "fastAmpLfoSpeedModHz": 0.038698277606396166,
      "panLfoHz": 0.05,
      "panLfoDepth": 0.9089827550165315,
      "note": -9
    },
    {
      "amp": 0.09964050976749056,
      "ampLfoDepth": 1.6,
      "ampLfoHz": 0.014561889321502217,
      "ampLfoSpeedModDepthHz": 4.769551445839356,
      "ampLfoSpeedModHz": 0.03756853355260479,
      "ampLfo2Hz": 0.1628998274336325,
      "ampLfo2Depth": 1.5314916792445565,
      "ampLfo2SpeedModDepthHz": 5,
      "ampLfo2SpeedModHz": 0.3070089733476703,
      "fastAmpLfoHz": 7.637720232730433,
      "fastAmpLfoDepth": 0.000012003068756705204,
      "fastAmpLfoSpeedModDepthHz": 1,
      "fastAmpLfoSpeedModHz": 0.017610386091565018,
      "panLfoHz": 0.05,
      "panLfoDepth": 0.9292605768410164,
      "note": -19
    },
    {
      "amp": 0.09829345925892552,
      "ampLfoDepth": 1.5775652893470569,
      "ampLfoHz": 0.016683819674137845,
      "ampLfoSpeedModDepthHz": 4.78170092117081,
      "ampLfoSpeedModHz": 0.02,
      "ampLfo2Hz": 0.09694170923299184,
      "ampLfo2Depth": 1.6,
      "ampLfo2SpeedModDepthHz": 4.989978805065616,
      "ampLfo2SpeedModHz": 0.2406481416120833,
      "fastAmpLfoHz": 9.158812095764674,
      "fastAmpLfoDepth": 1.5994678206417063,
      "fastAmpLfoSpeedModDepthHz": 1,
      "fastAmpLfoSpeedModHz": 0.03710959537841872,
      "panLfoHz": 0.025738397612989683,
      "panLfoDepth": 0.95,
      "note": -15
    },
    {
      "amp": 0.09519648425390398,
      "ampLfoDepth": 1.5745146068980531,
      "ampLfoHz": 0.0437401914177198,
      "ampLfoSpeedModDepthHz": 5,
      "ampLfoSpeedModHz": 0.032842073502641074,
      "ampLfo2Hz": 0.0859457849241684,
      "ampLfo2Depth": 1.5767467514315499,
      "ampLfo2SpeedModDepthHz": 4.897969916741822,
      "ampLfo2SpeedModHz": 0.20394186274256002,
      "fastAmpLfoHz": 9.911335561427956,
      "fastAmpLfoDepth": 0.5195825744802026,
      "fastAmpLfoSpeedModDepthHz": 1,
      "fastAmpLfoSpeedModHz": 0.018112546783204966,
      "panLfoHz": 0.05,
      "panLfoDepth": 0.9451020694202981,
      "note": -11
    },
    {
      "amp": 0.10424788727535583,
      "ampLfoDepth": 1.5811723130158475,
      "ampLfoHz": 0.014848363937308805,
      "ampLfoSpeedModDepthHz": 4.810377540092538,
      "ampLfoSpeedModHz": 0.05223672053789074,
      "ampLfo2Hz": 0.05825035450624181,
      "ampLfo2Depth": 1.6,
      "ampLfo2SpeedModDepthHz": 5,
      "ampLfo2SpeedModHz": 0.35,
      "fastAmpLfoHz": 6.279432898825572,
      "fastAmpLfoDepth": 0.07434735614736275,
      "fastAmpLfoSpeedModDepthHz": 1,
      "fastAmpLfoSpeedModHz": 0.026605408367890056,
      "panLfoHz": 0.0250000078964503,
      "panLfoDepth": 0.95,
      "note": -14
    }
  ],
  "voiceMacros": {
    "amp": 0.1,
    "ampLfoDepth": 1.5598891126271077,
    "ampLfoHz": 0.028578673858795936,
    "ampLfoSpeedModDepthHz": 5,
    "ampLfoSpeedModHz": 0.035,
    "ampLfo2Hz": 0.10961219979208248,
    "ampLfo2Depth": 1.6,
    "ampLfo2SpeedModDepthHz": 5,
    "ampLfo2SpeedModHz": 0.35,