{
  "voices": [
    {
      "amp": 0.021099168859794543,
      "ampLfoDepth": 1.5755624941266908,
      "ampLfoHz": 0.03569581309040702,
      "ampLfoSpeedModDepthHz": 4.712434038010526,
      "ampLfoSpeedModHz": 0.022265250051271907,
      "ampLfo2Hz": 0.15983956400903912,
      "ampLfo2Depth": 1.5898944663475023,
      "ampLfo2SpeedModDepthHz": 4.725213599862814,
      "ampLfo2SpeedModHz": 0.18329234395401886,
      "fastAmpLfoHz": 5.567692077772074,
      "fastAmpLfoDepth": 1.280696843308261,
      "fastAmpLfoSpeedModDepthHz": 1,
      "fastAmpLfoSpeedModHz": 0.040937226929344823,
      "panLfoHz": 0.05,
      "panLfoDepth": 0.95,
      "note": -8
    },
    {
      "amp": 0.028687044449927535,
      "ampLfoDepth": 1.5213291916899736,
      "ampLfoHz": 0.027236657223967613,
      "ampLfoSpeedModDepthHz": 5,
      "ampLfoSpeedModHz": 0.05134651105877912,
      "ampLfo2Hz": 0.16681988500291045,
      "ampLfo2Depth": 1.6,
      "ampLfo2SpeedModDepthHz": 4.907974693972611,
      "ampLfo2SpeedModHz": 0.35,
      "fastAmpLfoHz": 3.3176622739583763,
      "fastAmpLfoDepth": 0.7723169352476658,
      "fastAmpLfoSpeedModDepthHz": 1,
      "fastAmpLfoSpeedModHz": 0.016530357143608145,
      "panLfoHz": 0.05,
      "panLfoDepth": 0.48,
      "note": -1.1416719213987832,
      "carrierDetuneRatio": 1.0116194403019225
    },
    {
      "amp": 0.018935477956252982,
      "ampLfoDepth": 1.5457406448864925,
      "ampLfoHz": 0.043991099235964996,
      "ampLfoSpeedModDepthHz": 4.8731716426958265,
      "ampLfoSpeedModHz": 0.0223875054698014,
      "ampLfo2Hz": 0.0835560135342935,
      "ampLfo2Depth": 1.559311052430261,
      "ampLfo2SpeedModDepthHz": 4.885945228530547,
      "ampLfo2SpeedModHz": 0.35,
      "fastAmpLfoHz": 3.4474480199762083,
      "fastAmpLfoDepth": 1.232287932834688,
      "fastAmpLfoSpeedModDepthHz": 1,
      "fastAmpLfoSpeedModHz": 0.02635825591922809,
      "panLfoHz": 0.02774605893610815,
      "panLfoDepth": 0.9406560819134245,
      "note": -19
    },
    {
      "amp": 0.019506529554027725,
      "ampLfoDepth": 1.4954552168552973,
      "ampLfoHz": 0.01573421696082057,
      "ampLfoSpeedModDepthHz": 4.808770355002203,
      "ampLfoSpeedModHz": 0.05449920384299934,
      "ampLfo2Hz": 0.054220758616217564,
      "ampLfo2Depth": 1.6,
      "ampLfo2SpeedModDepthHz": 5,
      "ampLfo2SpeedModHz": 0.23959001368120456,
      "fastAmpLfoHz": 7.866132435239162,
      "fastAmpLfoDepth": 0.5651918954512042,
      "fastAmpLfoSpeedModDepthHz": 1,
      "fastAmpLfoSpeedModHz": 0.0375784335431609,
      "panLfoHz": 0.05,
      "panLfoDepth": 0.9024484554211256,
      "note": -15
    },
    {
      "amp": 0.020656114423125076,
      "ampLfoDepth": 1.515723474737527,
      "ampLfoHz": 0.03202363660953053,
      "ampLfoSpeedModDepthHz": 5,
      "ampLfoSpeedModHz": 0.0474951945585596,
      "ampLfo2Hz": 0.09180458605952352,
      "ampLfo2Depth": 1.534218076379555,
      "ampLfo2SpeedModDepthHz": 5,
      "ampLfo2SpeedModHz": 0.35,
      "fastAmpLfoHz": 2.802151655230352,
      "fastAmpLfoDepth": 1.498690633220895,
      "fastAmpLfoSpeedModDepthHz": 1,
      "fastAmpLfoSpeedModHz": 0.017409703896757334,
      "panLfoHz": 0.025015615807112257,
      "panLfoDepth": 0.9429049681038374,
      "note": -16
    },
    {
      "amp": 0.020593601249832102,
      "ampLfoDepth": 1.557515229583709,
      "ampLfoHz": 0.03135090747711666,
      "ampLfoSpeedModDepthHz": 4.738454353166384,
      "ampLfoSpeedModHz": 0.03337303119326631,
      "ampLfo2Hz": 0.10799268527999696,
      "ampLfo2Depth": 1.6,
      "ampLfo2SpeedModDepthHz": 5,
      "ampLfo2SpeedModHz": 0.17293196930600221,
      "fastAmpLfoHz": 5.059810211568076,
      "fastAmpLfoDepth": 1.3472765981731973,
      "fastAmpLfoSpeedModDepthHz": 1,
      "fastAmpLfoSpeedModHz": 0.04086805819118141,
      "panLfoHz": 0.05,
      "panLfoDepth": 0.9037583684615693,
      "note": -12
    },
    {
      "amp": 0.020823241990879936,
      "ampLfoDepth": 1.5809426937304758,
      "ampLfoHz": 0.016273397773924364,
      "ampLfoSpeedModDepthHz": 4.960994805689201,
      "ampLfoSpeedModHz": 0.025714771881830183,
      "ampLfo2Hz": 0.09955816545264289,
      "ampLfo2Depth": 1.6,
      "ampLfo2SpeedModDepthHz": 4.776345617202191,
      "ampLfo2SpeedModHz": 0.35,
      "fastAmpLfoHz": 5.807463994032564,
      "fastAmpLfoDepth": 1.5652848315592784,
      "fastAmpLfoSpeedModDepthHz": 1,
      "fastAmpLfoSpeedModHz": 0.040865617868311374,
      "panLfoHz": 0.028249019037923862,
      "panLfoDepth": 0.95,
      "note": -17
    },
    {
      "amp": 0.01956880891599432,
      "ampLfoDepth": 1.492223336906471,
      "ampLfoHz": 0.04043725833356554,
      "ampLfoSpeedModDepthHz": 4.9655929986074545,
      "ampLfoSpeedModHz": 0.04669064239700281,
      "ampLfo2Hz": 0.1445525972020329,
      "ampLfo2Depth": 1.5626740585311023,
      "ampLfo2SpeedModDepthHz": 5,
      "ampLfo2SpeedModHz": 0.35,
      "fastAmpLfoHz": 3.7219904449849133,
      "fastAmpLfoDepth": 1.1859088194212082,
      "fastAmpLfoSpeedModDepthHz": 1,
      "fastAmpLfoSpeedModHz": 0.03617929547693018,
      "panLfoHz": 0.05,
      "panLfoDepth": 0.9089827550165315,
      "note": -9
    },
    {
      "amp": 0.019928101953498114,
      "ampLfoDepth": 1.6,
      "ampLfoHz": 0.01678275186666591,
      "ampLfoSpeedModDepthHz": 4.769551445839356,
      "ampLfoSpeedModHz": 0.024146956977435734,
      "ampLfo2Hz": 0.15812806934679144,
      "ampLfo2Depth": 1.5314916792445565,
      "ampLfo2SpeedModDepthHz": 5,
      "ampLfo2SpeedModHz": 0.19667195348872626,
      "fastAmpLfoHz": 7.8363838056977055,
      "fastAmpLfoDepth": 1.545172082744339,
      "fastAmpLfoSpeedModDepthHz": 1,
      "fastAmpLfoSpeedModHz": 0.016655120587329954,
      "panLfoHz": 0.05,
      "panLfoDepth": 0.9292605768410164,
      "note": -14
    },
    {
      "amp": 0.019658691851785103,
      "ampLfoDepth": 1.5775652893470569,
      "ampLfoHz": 0.026100321959151383,
      "ampLfoSpeedModDepthHz": 4.78170092117081,
      "ampLfoSpeedModHz": 0.02884199806436533,
      "ampLfo2Hz": 0.14072855759097713,
      "ampLfo2Depth": 1.6,
      "ampLfo2SpeedModDepthHz": 4.989978805065616,
      "ampLfo2SpeedModHz": 0.17560464395301031,
      "fastAmpLfoHz": 4.786294213113697,
      "fastAmpLfoDepth": 0.7711092311637836,
      "fastAmpLfoSpeedModDepthHz": 1,
      "fastAmpLfoSpeedModHz": 0.03420362854390723,
      "panLfoHz": 0.03769827822433738,
      "panLfoDepth": 0.95,
      "note": -15
    },
    {
      "amp": 0.019039296850780794,
      "ampLfoDepth": 1.5745146068980531,
      "ampLfoHz": 0.03670855051040282,
      "ampLfoSpeedModDepthHz": 5,
      "ampLfoSpeedModHz": 0.02098916789324092,
      "ampLfo2Hz": 0.12963814473654622,
      "ampLfo2Depth": 1.5767467514315499,
      "ampLfo2SpeedModDepthHz": 4.897969916741822,
      "ampLfo2SpeedModHz": 0.3195730777962617,
      "fastAmpLfoHz": 8.64036193513301,
      "fastAmpLfoDepth": 1.5878551802901588,
      "fastAmpLfoSpeedModDepthHz": 1,
      "fastAmpLfoSpeedModHz": 0.016863330439290045,
      "panLfoHz": 0.05,
      "panLfoDepth": 0.9451020694202981,
      "note": -12
    },
    {
      "amp": 0.020849577455071166,
      "ampLfoDepth": 1.5811723130158475,
      "ampLfoHz": 0.022249139746017128,
      "ampLfoSpeedModDepthHz": 4.810377540092538,
      "ampLfoSpeedModHz": 0.03954745438150297,
      "ampLfo2Hz": 0.08833056871381409,
      "ampLfo2Depth": 1.6,
      "ampLfo2SpeedModDepthHz": 5,
      "ampLfo2SpeedModHz": 0.35,
      "fastAmpLfoHz": 3.5583191686687528,
      "fastAmpLfoDepth": 1.4728683319341365,
      "fastAmpLfoSpeedModDepthHz": 1,
      "fastAmpLfoSpeedModHz": 0.03005028825594858,
      "panLfoHz": 0.03279675098607792,
      "panLfoDepth": 0.95,
      "note": -14
    }
  ],
  "voiceMacros": {
    "amp": 0.02,
    "ampLfoDepth": 1.5598891126271077,
    "ampLfoHz": 0.028578673858795936,
    "ampLfoSpeedModDepthHz": 5,
    "ampLfoSpeedModHz": 0.035,
    "ampLfo2Hz": 0.10961219979208248,
    "ampLfo2Depth": 1.6,
    "ampLfo2SpeedModDepthHz": 5,