{
  "voices": [
    {
      "amp": 0.2510801094315551,
      "ampLfoDepth": 1.5755624941266908,
      "ampLfoHz": 0.042268487963550205,
      "ampLfoSpeedModDepthHz": 4.712434038010526,
      "ampLfoSpeedModHz": 0.02,
      "ampLfo2Hz": 0.13553393383464707,
      "ampLfo2Depth": 1.5898944663475023,
      "ampLfo2SpeedModDepthHz": 4.725213599862814,
      "ampLfo2SpeedModHz": 0.3074775789712964,
      "fastAmpLfoHz": 5.614487430942089,
      "fastAmpLfoDepth": 0.12934617079543997,
      "fastAmpLfoSpeedModDepthHz": 1,
      "fastAmpLfoSpeedModHz": 0.01691260607871101,
      "panLfoHz": 0.039109943606361,
      "panLfoDepth": 0.85,
      "note": 3.355929055624496,
      "carrierDetuneRatio": 1.0145453349375237
    },
    {
      "amp": 0.2677457481993236,
      "ampLfoDepth": 1.5213291916899736,
      "ampLfoHz": 0.03982101841925311,
      "ampLfoSpeedModDepthHz": 5,
      "ampLfoSpeedModHz": 0.05091274736685502,
      "ampLfo2Hz": 0.15738500932598387,
      "ampLfo2Depth": 1.6,
      "ampLfo2SpeedModDepthHz": 4.907974693972611,
      "ampLfo2SpeedModHz": 0.35,
      "fastAmpLfoHz": 3.0239403841059915,
      "fastAmpLfoDepth": 1.1706753918693955,
      "fastAmpLfoSpeedModDepthHz": 1,
      "fastAmpLfoSpeedModHz": 0.041452766578323176,
      "panLfoHz": 0.05,
      "panLfoDepth": 0.95,
      "note": -3
    },
    {
      "amp": 0.26509669138754177,
      "ampLfoDepth": 1.5457406448864925,
      "ampLfoHz": 0.03778668055389098,
      "ampLfoSpeedModDepthHz": 4.8731716426958265,
      "ampLfoSpeedModHz": 0.02,
      "ampLfo2Hz": 0.13757810632852738,
      "ampLfo2Depth": 1.559311052430261,
      "ampLfo2SpeedModDepthHz": 4.885945228530547,
      "ampLfo2SpeedModHz": 0.2618203422008464,
      "fastAmpLfoHz": 7.400021866909691,
      "fastAmpLfoDepth": 1.2603550753359045,
      "fastAmpLfoSpeedModDepthHz": 1,
      "fastAmpLfoSpeedModHz": 0.03218743346533297,
      "panLfoHz": 0.026381127522691963,
      "panLfoDepth": 0.9406560819134245,
      "note": -18
    },
    {
      "amp": 0.2730914137563881,
      "ampLfoDepth": 1.4954552168552973,
      "ampLfoHz": 0.017219347908369476,
      "ampLfoSpeedModDepthHz": 4.808770355002203,
      "ampLfoSpeedModHz": 0.047248606406071134,
      "ampLfo2Hz": 0.07458970601883928,
      "ampLfo2Depth": 1.6,
      "ampLfo2SpeedModDepthHz": 5,
      "ampLfo2SpeedModHz": 0.17643641184106282,
      "fastAmpLfoHz": 7.490640118250596,
      "fastAmpLfoDepth": 0.35573853325016586,
      "fastAmpLfoSpeedModDepthHz": 1,
      "fastAmpLfoSpeedModHz": 0.020837491162310436,
      "panLfoHz": 0.05,
      "panLfoDepth": 0.9024484554211256,
      "note": -12
    },
    {
      "amp": 0.2891856019237511,
      "ampLfoDepth": 1.515723474737527,
      "ampLfoHz": 0.018505717812930002,
      "ampLfoSpeedModDepthHz": 5,
      "ampLfoSpeedModHz": 0.030512253715715785,
      "ampLfo2Hz": 0.1451061475700735,
      "ampLfo2Depth": 1.534218076379555,
      "ampLfo2SpeedModDepthHz": 5,
      "ampLfo2SpeedModHz": 0.35,
      "fastAmpLfoHz": 6.963336050251737,
      "fastAmpLfoDepth": 0.23993605913488292,
      "fastAmpLfoSpeedModDepthHz": 1,
      "fastAmpLfoSpeedModHz": 0.040371546266958123,
      "panLfoHz": 0.03609378971432724,
      "panLfoDepth": 0.9429049681038374,
      "note": -11
    },
    {
      "amp": 0.28831041749764946,
      "ampLfoDepth": 1.557515229583709,
      "ampLfoHz": 0.042571050166712726,
      "ampLfoSpeedModDepthHz": 4.738454353166384,
      "ampLfoSpeedModHz": 0.048022796047013906,
      "ampLfo2Hz": 0.06206903951491304,
      "ampLfo2Depth": 1.6,
      "ampLfo2SpeedModDepthHz": 5,
      "ampLfo2SpeedModHz": 0.2881532053353316,
      "fastAmpLfoHz": 4.323425946956702,
      "fastAmpLfoDepth": 1.1691861351068868,
      "fastAmpLfoSpeedModDepthHz": 1,
      "fastAmpLfoSpeedModHz": 0.016971737878858473,
      "panLfoHz": 0.05,
      "panLfoDepth": 0.9037583684615693,
      "note": -14
    },
    {
      "amp": 0.29152538787231913,
      "ampLfoDepth": 1.5809426937304758,
      "ampLfoHz": 0.014910257999859755,
      "ampLfoSpeedModDepthHz": 4.960994805689201,
      "ampLfoSpeedModHz": 0.02,
      "ampLfo2Hz": 0.14862628160810698,
      "ampLfo2Depth": 1.6,
      "ampLfo2SpeedModDepthHz": 4.776345617202191,
      "ampLfo2SpeedModHz": 0.35,
      "fastAmpLfoHz": 4.595055961591596,
      "fastAmpLfoDepth": 1.5996067862661474,
      "fastAmpLfoSpeedModDepthHz": 1,
      "fastAmpLfoSpeedModHz": 0.016973835629235136,
      "panLfoHz": 0.027498278054448717,
      "panLfoDepth": 0.95,
      "note": -14
    },
    {
      "amp": 0.2739633248239205,
      "ampLfoDepth": 1.492223336906471,
      "ampLfoHz": 0.0432202795287974,
      "ampLfoSpeedModDepthHz": 4.9655929986074545,
      "ampLfoSpeedModHz": 0.05244555971498748,
      "ampLfo2Hz": 0.1569011341521056,
      "ampLfo2Depth": 1.5626740585311023,
      "ampLfo2SpeedModDepthHz": 5,
      "ampLfo2SpeedModHz": 0.35,
      "fastAmpLfoHz": 9.54328571320276,
      "fastAmpLfoDepth": 1.4503063110243144,
      "fastAmpLfoSpeedModDepthHz": 1,
      "fastAmpLfoSpeedModHz": 0.021369195961126276,
      "panLfoHz": 0.05,
      "panLfoDepth": 0.9089827550165315,
      "note": -9
    },
    {
      "amp": 0.2789934273489736,
      "ampLfoDepth": 1.6,
      "ampLfoHz": 0.029224966535498578,
      "ampLfoSpeedModDepthHz": 4.769551445839356,
      "ampLfoSpeedModHz": 0.02,
      "ampLfo2Hz": 0.11231933140732152,
      "ampLfo2Depth": 1.5314916792445565,
      "ampLfo2SpeedModDepthHz": 5,
      "ampLfo2SpeedModHz": 0.1917792174973562,
      "fastAmpLfoHz": 7.43375382383475,
      "fastAmpLfoDepth": 1.3588308373816125,
      "fastAmpLfoSpeedModDepthHz": 1,
      "fastAmpLfoSpeedModHz": 0.04125309042332472,
      "panLfoHz": 0.036737285022715886,
      "panLfoDepth": 0.9292605768410164,
      "note": -18
    },
    {
      "amp": 0.27522168592499147,
      "ampLfoDepth": 1.5775652893470569,
      "ampLfoHz": 0.039499700779810194,
      "ampLfoSpeedModDepthHz": 4.78170092117081,
      "ampLfoSpeedModHz": 0.04554228213522829,
      "ampLfo2Hz": 0.16773835537295326,
      "ampLfo2Depth": 1.6,
      "ampLfo2SpeedModDepthHz": 4.989978805065616,
      "ampLfo2SpeedModHz": 0.2458182239869893,
      "fastAmpLfoHz": 9.405852987862932,
      "fastAmpLfoDepth": 0.36433785149783127,
      "fastAmpLfoSpeedModDepthHz": 1,
      "fastAmpLfoSpeedModHz": 0.023291729098041225,
      "panLfoHz": 0.05,
      "panLfoDepth": 0.95,
      "note": -14
    },
    {
      "amp": 0.2665501559109311,
      "ampLfoDepth": 1.5745146068980531,
      "ampLfoHz": 0.022381463484931217,
      "ampLfoSpeedModDepthHz": 5,
      "ampLfoSpeedModHz": 0.02000769584309939,
      "ampLfo2Hz": 0.16492205169878707,
      "ampLfo2Depth": 1.5767467514315499,
      "ampLfo2SpeedModDepthHz": 4.897969916741822,
      "ampLfo2SpeedModHz": 0.35,
      "fastAmpLfoHz": 4.12575474955785,
      "fastAmpLfoDepth": 0.5423245997049686,
      "fastAmpLfoSpeedModDepthHz": 1,
      "fastAmpLfoSpeedModHz": 0.04099551118654676,
      "panLfoHz": 0.04445645513855303,
      "panLfoDepth": 0.9451020694202981,
      "note": -15
    },
    {
      "amp": 0.29189408437099634,
      "ampLfoDepth": 1.5811723130158475,
      "ampLfoHz": 0.03598115617310942,
      "ampLfoSpeedModDepthHz": 4.810377540092538,
      "ampLfoSpeedModHz": 0.022747587382932484,
      "ampLfo2Hz": 0.14119937034190938,
      "ampLfo2Depth": 1.6,
      "ampLfo2SpeedModDepthHz": 5,
      "ampLfo2SpeedModHz": 0.28788165059534393,
      "fastAmpLfoHz": 8.584721381417257,
      "fastAmpLfoDepth": 1.5728485281735738,
      "fastAmpLfoSpeedModDepthHz": 1,
      "fastAmpLfoSpeedModHz": 0.028509882316234577,
      "panLfoHz": 0.05,
      "panLfoDepth": 0.95,
      "note": -14
    }
  ],
  "voiceMacros": {
    "amp": 0.28,
    "ampLfoDepth": 1.5598891126271077,
    "ampLfoHz": 0.028578673858795936,
    "ampLfoSpeedModDepthHz": 5,
    "ampLfoSpeedModHz": 0.035,
    "ampLfo2Hz": 0.10961219979208248,
    "ampLfo2Depth": 1.6,
    "ampLfo2SpeedModDepthHz": 5,
    "ampLfo2SpeedModHz": 0.35,