{
  "voices": [
    {
      "amp": 0.2510801094315551,
      "ampLfoDepth": 1.5755624941266908,
      "ampLfoHz": 0.02116100688958109,
      "ampLfoSpeedModDepthHz": 4.712434038010526,
      "ampLfoSpeedModHz": 0.050142231697294044,
      "ampLfo2Hz": 0.05338432105263411,
      "ampLfo2Depth": 1.5898944663475023,
      "ampLfo2SpeedModDepthHz": 4.725213599862814,
      "ampLfo2SpeedModHz": 0.35,
      "fastAmpLfoHz": 3.8254505623486383,
      "fastAmpLfoDepth": 1.0130554262907239,
      "fastAmpLfoSpeedModDepthHz": 1,
      "fastAmpLfoSpeedModHz": 0.03220723845277897,
      "panLfoHz": 0.03425576130121231,
      "panLfoDepth": 0.85,
      "note": -4.5350502618611515,
      "carrierDetuneRatio": 1.0145453349375237
    },
    {
      "amp": 0.2677457481993236,
      "ampLfoDepth": 1.5213291916899736,
      "ampLfoHz": 0.03015111504328895,
      "ampLfoSpeedModDepthHz": 5,
      "ampLfoSpeedModHz": 0.02018507540368065,
      "ampLfo2Hz": 0.060653024836487726,
      "ampLfo2Depth": 1.6,
      "ampLfo2SpeedModDepthHz": 4.907974693972611,
      "ampLfo2SpeedModHz": 0.1753803375785931,
      "fastAmpLfoHz": 6.119895073415015,
      "fastAmpLfoDepth": 1.5580154051109638,
      "fastAmpLfoSpeedModDepthHz": 1,
      "fastAmpLfoSpeedModHz": 0.0223649619865319,
      "panLfoHz": 0.025983786171643014,
      "panLfoDepth": 0.95,
      "note": -7
    },
    {
      "amp": 0.26509669138754177,
      "ampLfoDepth": 1.5457406448864925,
      "ampLfoHz": 0.0147452007655278,
      "ampLfoSpeedModDepthHz": 4.8731716426958265,
      "ampLfoSpeedModHz": 0.05016624738785189,
      "ampLfo2Hz": 0.14048240937881365,
      "ampLfo2Depth": 1.559311052430261,
      "ampLfo2SpeedModDepthHz": 4.885945228530547,
      "ampLfo2SpeedModHz": 0.2616117988583022,
      "fastAmpLfoHz": 8.986781995430752,
      "fastAmpLfoDepth": 1.3532695715753218,
      "fastAmpLfoSpeedModDepthHz": 1,
      "fastAmpLfoSpeedModHz": 0.03797876025895143,
      "panLfoHz": 0.05,
      "panLfoDepth": 0.9406560819134245,
      "note": -15
    },
    {
      "amp": 0.2730914137563881,
      "ampLfoDepth": 1.4954552168552973,
      "ampLfoHz": 0.042283748886818226,
      "ampLfoSpeedModDepthHz": 4.808770355002203,
      "ampLfoSpeedModHz": 0.02,
      "ampLfo2Hz": 0.1610875872304307,
      "ampLfo2Depth": 1.6,
      "ampLfo2SpeedModDepthHz": 5,
      "ampLfo2SpeedModHz": 0.35,
      "fastAmpLfoHz": 7.66835674508339,
      "fastAmpLfoDepth": 1.45375098709556,
      "fastAmpLfoSpeedModDepthHz": 1,
      "fastAmpLfoSpeedModHz": 0.041208534395539724,
      "panLfoHz": 0.035147870416898784,
      "panLfoDepth": 0.9024484554211256,
      "note": -10
    },
    {
      "amp": 0.2891856019237511,
      "ampLfoDepth": 1.515723474737527,
      "ampLfoHz": 0.025836051174109916,
      "ampLfoSpeedModDepthHz": 5,
      "ampLfoSpeedModHz": 0.023381012119191007,
      "ampLfo2Hz": 0.13213701390148289,
      "ampLfo2Depth": 1.534218076379555,
      "ampLfo2SpeedModDepthHz": 5,
      "ampLfo2SpeedModHz": 0.19218947631938196,
      "fastAmpLfoHz": 6.0990311557519545,
      "fastAmpLfoDepth": 0.9794070630341548,
      "fastAmpLfoSpeedModDepthHz": 1,
      "fastAmpLfoSpeedModHz": 0.018993728788694722,
      "panLfoHz": 0.05,
      "panLfoDepth": 0.9429049681038374,
      "note": -12
    },
    {
      "amp": 0.28831041749764946,
      "ampLfoDepth": 1.557515229583709,
      "ampLfoHz": 0.027571619098943234,
      "ampLfoSpeedModDepthHz": 4.738454353166384,
      "ampLfoSpeedModHz": 0.035118991204574825,
      "ampLfo2Hz": 0.10495786339688905,
      "ampLfo2Depth": 1.6,
      "ampLfo2SpeedModDepthHz": 5,
      "ampLfo2SpeedModHz": 0.35,
      "fastAmpLfoHz": 10.279217602790894,
      "fastAmpLfoDepth": 1.4555243628174241,
      "fastAmpLfoSpeedModDepthHz": 1,
      "fastAmpLfoSpeedModHz": 0.031982445186854905,
      "panLfoHz": 0.025879104101578843,
      "panLfoDepth": 0.9037583684615693,
      "note": -14
    },
    {
      "amp": 0.29152538787231913,
      "ampLfoDepth": 1.5809426937304758,
      "ampLfoHz": 0.038540933213428,
      "ampLfoSpeedModDepthHz": 4.960994805689201,
      "ampLfoSpeedModHz": 0.040031405041716914,
      "ampLfo2Hz": 0.11792418548615889,
      "ampLfo2Depth": 1.6,
      "ampLfo2SpeedModDepthHz": 4.776345617202191,
      "ampLfo2SpeedModHz": 0.17888366807453018,
      "fastAmpLfoHz": 8.489565665216565,
      "fastAmpLfoDepth": 0.9711427264107269,
      "fastAmpLfoSpeedModDepthHz": 1,
      "fastAmpLfoSpeedModHz": 0.03197473245470036,
      "panLfoHz": 0.05,
      "panLfoDepth": 0.95,
      "note": -20
    },
    {
      "amp": 0.2739633248239205,
      "ampLfoDepth": 1.492223336906471,
      "ampLfoHz": 0.018530519065116366,
      "ampLfoSpeedModDepthHz": 4.9655929986074545,
      "ampLfoSpeedModHz": 0.024108558994209543,
      "ampLfo2Hz": 0.06865245917963728,
      "ampLfo2Depth": 1.5626740585311023,
      "ampLfo2SpeedModDepthHz": 5,
      "ampLfo2SpeedModHz": 0.17501151028502285,
      "fastAmpLfoHz": 4.106813443315105,
      "fastAmpLfoDepth": 0.4319862965340333,
      "fastAmpLfoSpeedModDepthHz": 1,
      "fastAmpLfoSpeedModHz": 0.02410013235645626,
      "panLfoHz": 0.025001710014312478,
      "panLfoDepth": 0.9089827550165315,
      "note": -12
    },
    {
      "amp": 0.2789934273489736,
      "ampLfoDepth": 1.6,
      "ampLfoHz": 0.04056079751283125,
      "ampLfoSpeedModDepthHz": 4.769551445839356,
      "ampLfoSpeedModHz": 0.04591732200153782,
      "ampLfo2Hz": 0.06119769194241551,
      "ampLfo2Depth": 1.5314916792445565,
      "ampLfo2SpeedModDepthHz": 5,
      "ampLfo2SpeedModHz": 0.35,
      "fastAmpLfoHz": 5.347225416684138,
      "fastAmpLfoDepth": 0.5899820781342503,
      "fastAmpLfoSpeedModDepthHz": 1,
      "fastAmpLfoSpeedModHz": 0.021011853019199264,
      "panLfoHz": 0.038050399956734704,
      "panLfoDepth": 0.9292605768410164,
      "note": -19
    },
    {
      "amp": 0.27522168592499147,
      "ampLfoDepth": 1.5775652893470569,
      "ampLfoHz": 0.03234194774742034,
      "ampLfoSpeedModDepthHz": 4.78170092117081,
      "ampLfoSpeedModHz": 0.04136548653179487,
      "ampLfo2Hz": 0.0849273130082538,
      "ampLfo2Depth": 1.6,
      "ampLfo2SpeedModDepthHz": 4.989978805065616,
      "ampLfo2SpeedModHz": 0.35,
      "fastAmpLfoHz": 3.1755921327291468,
      "fastAmpLfoDepth": 1.549583023817746,
      "fastAmpLfoSpeedModDepthHz": 1,
      "fastAmpLfoSpeedModHz": 0.02209489152676621,
      "panLfoHz": 0.05,
      "panLfoDepth": 0.95,
      "note": -15
    },
    {
      "amp": 0.2665501559109311,
      "ampLfoDepth": 1.5745146068980531,
      "ampLfoHz": 0.02166302856317187,
      "ampLfoSpeedModDepthHz": 5,
      "ampLfoSpeedModHz": 0.051306117504870775,
      "ampLfo2Hz": 0.09398124987151046,
      "ampLfo2Depth": 1.5767467514315499,
      "ampLfo2SpeedModDepthHz": 4.897969916741822,
      "ampLfo2SpeedModHz": 0.35,
      "fastAmpLfoHz": 7.082535353444568,
      "fastAmpLfoDepth": 0.5116361437903217,
      "fastAmpLfoSpeedModDepthHz": 1,
      "fastAmpLfoSpeedModHz": 0.020183933460203488,
      "panLfoHz": 0.030154439541230697,
      "panLfoDepth": 0.9451020694202981,
      "note": -17
    },
    {
      "amp": 0.29189408437099634,
      "ampLfoDepth": 1.5811723130158475,
      "ampLfoHz": 0.03484700711521227,
      "ampLfoSpeedModDepthHz": 4.810377540092538,
      "ampLfoSpeedModHz": 0.034156180180553115,
      "ampLfo2Hz": 0.13245805357134643,
      "ampLfo2Depth": 1.6,
      "ampLfo2SpeedModDepthHz": 5,
      "ampLfo2SpeedModHz": 0.21707013179228635,
      "fastAmpLfoHz": 8.335083262898635,
      "fastAmpLfoDepth": 1.4226069649506032,
      "fastAmpLfoSpeedModDepthHz": 1,
      "fastAmpLfoSpeedModHz": 0.04012258624473895,
      "panLfoHz": 0.05,
      "panLfoDepth": 0.95,
      "note": -12
    }
  ],
  "voiceMacros": {
    "amp": 0.28,
    "ampLfoDepth": 1.5598891126271077,
    "ampLfoHz": 0.028578673858795936,
    "ampLfoSpeedModDepthHz": 5,
    "ampLfoSpeedModHz": 0.035,
    "ampLfo2Hz": 0.10961219979208248,
    "ampLfo2Depth": 1.6,
    "ampLfo2SpeedModDepthHz": 5,