{
  "voices": [
    {
      "amp": 0.10549584429897273,
      "ampLfoDepth": 1.5755624941266908,
      "ampLfoHz": 0.015587634930385192,
      "ampLfoSpeedModDepthHz": 4.712434038010526,
      "ampLfoSpeedModHz": 0.04921550161345821,
      "ampLfo2Hz": 0.10031299044937395,
      "ampLfo2Depth": 1.5898944663475023,
      "ampLfo2SpeedModDepthHz": 4.725213599862814,
      "ampLfo2SpeedModHz": 0.31323199147576,
      "fastAmpLfoHz": 3.3588731311828637,
      "fastAmpLfoDepth": 0.3892768384029611,
      "fastAmpLfoSpeedModDepthHz": 1,
      "fastAmpLfoSpeedModHz": 0.0275430300656509,
      "panLfoHz": 0.05,
      "panLfoDepth": 0.95,
      "note": -12
    },
    {
      "amp": 0,
      "ampLfoDepth": 1.5213291916899736,
      "ampLfoHz": 0.014429522003404594,
      "ampLfoSpeedModDepthHz": 5,
      "ampLfoSpeedModHz": 0.025829675536633918,
      "ampLfo2Hz": 0.08952211953234764,
      "ampLfo2Depth": 1.6,
      "ampLfo2SpeedModDepthHz": 4.907974693972611,
      "ampLfo2SpeedModHz": 0.35,
      "fastAmpLfoHz": 5.662306910877542,
      "fastAmpLfoDepth": 0.4006539257863668,
      "fastAmpLfoSpeedModDepthHz": 1,
      "fastAmpLfoSpeedModHz": 0.0340624573088526,
      "panLfoHz": 0.05,
      "panLfoDepth": 0.85,
      "note": 2.975118281024791,
      "carrierDetuneRatio": 1.0145453349375237
    },
    {
      "amp": 0.09467738978126491,
      "ampLfoDepth": 1.5457406448864925,
      "ampLfoHz": 0.027064821236216258,
      "ampLfoSpeedModDepthHz": 4.8731716426958265,
      "ampLfoSpeedModHz": 0.04940332759389266,
      "ampLfo2Hz": 0.06569628332060393,
      "ampLfo2Depth": 1.559311052430261,
      "ampLfo2SpeedModDepthHz": 4.885945228530547,
      "ampLfo2SpeedModHz": 0.35,
      "fastAmpLfoHz": 4.633511348396706,
      "fastAmpLfoDepth": 1.5975612680307218,
      "fastAmpLfoSpeedModDepthHz": 1,
      "fastAmpLfoSpeedModHz": 0.01887954731913843,
      "panLfoHz": 0.05,
      "panLfoDepth": 0.9406560819134245,
      "note": -17
    },
    {
      "amp": 0.09753264777013862,
      "ampLfoDepth": 1.4954552168552973,
      "ampLfoHz": 0.036123324353419216,
      "ampLfoSpeedModDepthHz": 4.808770355002203,
      "ampLfoSpeedModHz": 0.03305930341889665,
      "ampLfo2Hz": 0.11885960891306359,
      "ampLfo2Depth": 1.6,
      "ampLfo2SpeedModDepthHz": 5,
      "ampLfo2SpeedModHz": 0.35,
      "fastAmpLfoHz": 8.116439485507376,
      "fastAmpLfoDepth": 0.10459447585619622,
      "fastAmpLfoSpeedModDepthHz": 1,
      "fastAmpLfoSpeedModHz": 0.017278151282680884,
      "panLfoHz": 0.02855191319893437,
      "panLfoDepth": 0.9024484554211256,
      "note": -15
    },
    {
      "amp": 0.10328057211562539,
      "ampLfoDepth": 1.515723474737527,
      "ampLfoHz": 0.04322612546699411,
      "ampLfoSpeedModDepthHz": 5,
      "ampLfoSpeedModHz": 0.04791307708483425,
      "ampLfo2Hz": 0.0609496900606577,
      "ampLfo2Depth": 1.534218076379555,
      "ampLfo2SpeedModDepthHz": 5,
      "ampLfo2SpeedModHz": 0.2656318776960832,
      "fastAmpLfoHz": 7.952545897880766,
      "fastAmpLfoDepth": 1.5964873428102875,
      "fastAmpLfoSpeedModDepthHz": 1,
      "fastAmpLfoSpeedModHz": 0.03784350340127985,
      "panLfoHz": 0.05,
      "panLfoDepth": 0.9429049681038374,
      "note": -16
    },
    {
      "amp": 0.10296800624916053,
      "ampLfoDepth": 1.557515229583709,
      "ampLfoHz": 0.014602084847905032,
      "ampLfoSpeedModDepthHz": 4.738454353166384,
      "ampLfoSpeedModHz": 0.02,
      "ampLfo2Hz": 0.1610814332727658,
      "ampLfo2Depth": 1.6,
      "ampLfo2SpeedModDepthHz": 5,
      "ampLfo2SpeedModHz": 0.30156838102767586,
      "fastAmpLfoHz": 8.210572349385982,
      "fastAmpLfoDepth": 1.391084394519682,
      "fastAmpLfoSpeedModDepthHz": 1,
      "fastAmpLfoSpeedModHz": 0.027773737160784004,
      "panLfoHz": 0.05,
      "panLfoDepth": 0.9037583684615693,
      "note": -17
    },
    {
      "amp": 0.10411620995439969,
      "ampLfoDepth": 1.5809426937304758,
      "ampLfoHz": 0.03653392299579584,
      "ampLfoSpeedModDepthHz": 4.960994805689201,
      "ampLfoSpeedModHz": 0.04865347464107376,
      "ampLfo2Hz": 0.05547326547901665,
      "ampLfo2Depth": 1.6,
      "ampLfo2SpeedModDepthHz": 4.776345617202191,
      "ampLfo2SpeedModHz": 0.3037971428285009,
      "fastAmpLfoHz": 8.738149313321859,
      "fastAmpLfoDepth": 0.2350975551781315,
      "fastAmpLfoSpeedModDepthHz": 1,
      "fastAmpLfoSpeedModHz": 0.02778164155293242,
      "panLfoHz": 0.05,
      "panLfoDepth": 0.95,
      "note": -17
    },
    {
      "amp": 0.09784404457997159,
      "ampLfoDepth": 1.492223336906471,
      "ampLfoHz": 0.01875842649224243,
      "ampLfoSpeedModDepthHz": 4.9655929986074545,
      "ampLfoSpeedModHz": 0.020847703295570223,
      "ampLfo2Hz": 0.06616417831445497,
      "ampLfo2Depth": 1.5626740585311023,
      "ampLfo2SpeedModDepthHz": 5,
      "ampLfo2SpeedModHz": 0.33818166026802915,
      "fastAmpLfoHz": 9.642160118984256,
      "fastAmpLfoDepth": 1.5721272101627495,
      "fastAmpLfoSpeedModDepthHz": 1,
      "fastAmpLfoSpeedModHz": 0.035484205785015675,
      "panLfoHz": 0.044129665547171015,
      "panLfoDepth": 0.9089827550165315,
      "note": -11
    },
    {
      "amp": 0.09964050976749056,
      "ampLfoDepth": 1.6,
      "ampLfoHz": 0.021583907029452617,
      "ampLfoSpeedModDepthHz": 4.769551445839356,
      "ampLfoSpeedModHz": 0.05001704208229469,
      "ampLfo2Hz": 0.13260725146712202,
      "ampLfo2Depth": 1.5314916792445565,
      "ampLfo2SpeedModDepthHz": 5,
      "ampLfo2SpeedModHz": 0.35,
      "fastAmpLfoHz": 6.705133110536666,
      "fastAmpLfoDepth": 0.4888525373257504,
      "fastAmpLfoSpeedModDepthHz": 1,
      "fastAmpLfoSpeedModHz": 0.03554182295419477,
      "panLfoHz": 0.05,
      "panLfoDepth": 0.9292605768410164,
      "note": -20
    },
    {
      "amp": 0.09829345925892552,
      "ampLfoDepth": 1.5775652893470569,
      "ampLfoHz": 0.015086577227696787,
      "ampLfoSpeedModDepthHz": 4.78170092117081,
      "ampLfoSpeedModHz": 0.02,
      "ampLfo2Hz": 0.06137873384020744,
      "ampLfo2Depth": 1.6,
      "ampLfo2SpeedModDepthHz": 4.989978805065616,
      "ampLfo2SpeedModHz": 0.35,
      "fastAmpLfoHz": 9.07770209294072,
      "fastAmpLfoDepth": 0.3694307511833764,
      "fastAmpLfoSpeedModDepthHz": 1,
      "fastAmpLfoSpeedModHz": 0.03731456849400451,
      "panLfoHz": 0.029535473041483736,
      "panLfoDepth": 0.95,
      "note": -12
    },
    {
      "amp": 0.09519648425390398,
      "ampLfoDepth": 1.5745146068980531,
      "ampLfoHz": 0.04148839049311243,
      "ampLfoSpeedModDepthHz": 5,
      "ampLfoSpeedModHz": 0.04751445370741665,
      "ampLfo2Hz": 0.05710134131473893,
      "ampLfo2Depth": 1.5767467514315499,
      "ampLfo2SpeedModDepthHz": 4.897969916741822,
      "ampLfo2SpeedModHz": 0.18144091575224647,
      "fastAmpLfoHz": 3.603493406322982,
      "fastAmpLfoDepth": 0.25883317532940237,
      "fastAmpLfoSpeedModDepthHz": 1,
      "fastAmpLfoSpeedModHz": 0.036469088511960256,
      "panLfoHz": 0.05,
      "panLfoDepth": 0.9451020694202981,
      "note": -14
    },
    {
      "amp": 0.10424788727535583,
      "ampLfoDepth": 1.5811723130158475,
      "ampLfoHz": 0.016144525309433347,
      "ampLfoSpeedModDepthHz": 4.810377540092538,
      "ampLfoSpeedModHz": 0.05539069564553669,
      "ampLfo2Hz": 0.06117145770736315,
      "ampLfo2Depth": 1.6,
      "ampLfo2SpeedModDepthHz": 5,
      "ampLfo2SpeedModHz": 0.35,
      "fastAmpLfoHz": 8.691852505132466,
      "fastAmpLfoDepth": 1.2761484544258619,
      "fastAmpLfoSpeedModDepthHz": 1,
      "fastAmpLfoSpeedModHz": 0.017187372230340607,
      "panLfoHz": 0.033619149118359004,
      "panLfoDepth": 0.95,
      "note": -14
    }
  ],
  "voiceMacros": {
    "amp": 0.1,
    "ampLfoDepth": 1.5598891126271077,
    "ampLfoHz": 0.028578673858795936,
    "ampLfoSpeedModDepthHz": 5,
    "ampLfoSpeedModHz": 0.035,
    "ampLfo2Hz": 0.10961219979208248,
    "ampLfo2Depth": 1.6,
    "ampLfo2SpeedModDepthHz": 5,
    "ampLfo2SpeedModHz": 0.35,
    "tremoloDepth": 1.6,
    "tremoloBaseHz": 6,