{
  "voices": [
    {
      "amp": 0.021099168859794543,
      "ampLfoDepth": 1.5755624941266908,
      "ampLfoHz": 0.014148995294045919,
      "ampLfoSpeedModDepthHz": 4.712434038010526,
      "ampLfoSpeedModHz": 0.053078709096738196,
      "ampLfo2Hz": 0.08143670355855698,
      "ampLfo2Depth": 1.5898944663475023,
      "ampLfo2SpeedModDepthHz": 4.725213599862814,
      "ampLfo2SpeedModHz": 0.35,
      "fastAmpLfoHz": 2.71988691400281,
      "fastAmpLfoDepth": 0.370878065097773,
      "fastAmpLfoSpeedModDepthHz": 1,
      "fastAmpLfoSpeedModHz": 0.018931199504019235,
      "panLfoHz": 0.05,
      "panLfoDepth": 0.95,
      "note": -10
    },
    {
      "amp": 0,
      "ampLfoDepth": 1.5213291916899736,
      "ampLfoHz": 0.016318345885727253,
      "ampLfoSpeedModDepthHz": 5,
      "ampLfoSpeedModHz": 0.021073307792160455,
      "ampLfo2Hz": 0.07240122688745561,
      "ampLfo2Depth": 1.6,
      "ampLfo2SpeedModDepthHz": 4.907974693972611,
      "ampLfo2SpeedModHz": 0.2970815625461161,
      "fastAmpLfoHz": 5.964752895916372,
      "fastAmpLfoDepth": 1.1208219107449973,
      "fastAmpLfoSpeedModDepthHz": 1,
      "fastAmpLfoSpeedModHz": 0.03643569500442187,
      "panLfoHz": 0.04630988479033346,
      "panLfoDepth": 0.48,
      "note": -14.197499255645903,
      "carrierDetuneRatio": 1.0116194403019225
    },
    {
      "amp": 0.018935477956252982,
      "ampLfoDepth": 1.5457406448864925,
      "ampLfoHz": 0.021933478927986052,
      "ampLfoSpeedModDepthHz": 4.8731716426958265,
      "ampLfoSpeedModHz": 0.05323766318010896,
      "ampLfo2Hz": 0.08051282599607908,
      "ampLfo2Depth": 1.559311052430261,
      "ampLfo2SpeedModDepthHz": 4.885945228530547,
      "ampLfo2SpeedModHz": 0.35,
      "fastAmpLfoHz": 6.307999889597867,
      "fastAmpLfoDepth": 0.27170021632551195,
      "fastAmpLfoSpeedModDepthHz": 1,
      "fastAmpLfoSpeedModHz": 0.0403193113690201,
      "panLfoHz": 0.05,
      "panLfoDepth": 0.9406560819134245,
      "note": -17
    },
    {
      "amp": 0.019506529554027725,
      "ampLfoDepth": 1.4954552168552973,
      "ampLfoHz": 0.040304165535301216,
      "ampLfoSpeedModDepthHz": 4.808770355002203,
      "ampLfoSpeedModHz": 0.02676280505281074,
      "ampLfo2Hz": 0.13734489016706522,
      "ampLfo2Depth": 1.6,
      "ampLfo2SpeedModDepthHz": 5,
      "ampLfo2SpeedModHz": 0.35,
      "fastAmpLfoHz": 4.721078538413878,
      "fastAmpLfoDepth": 1.061755047871725,
      "fastAmpLfoSpeedModDepthHz": 1,
      "fastAmpLfoSpeedModHz": 0.03105724569995962,
      "panLfoHz": 0.025183454428057053,
      "panLfoDepth": 0.9024484554211256,
      "note": -17
    },
    {
      "amp": 0.020656114423125076,
      "ampLfoDepth": 1.515723474737527,
      "ampLfoHz": 0.04073548216776632,
      "ampLfoSpeedModDepthHz": 5,
      "ampLfoSpeedModHz": 0.042316034616708395,
      "ampLfo2Hz": 0.07317703634387819,
      "ampLfo2Depth": 1.534218076379555,
      "ampLfo2SpeedModDepthHz": 5,
      "ampLfo2SpeedModHz": 0.21550581611087583,
      "fastAmpLfoHz": 7.447505485191406,
      "fastAmpLfoDepth": 0.33942247476816134,
      "fastAmpLfoSpeedModDepthHz": 1,
      "fastAmpLfoSpeedModHz": 0.03230896067865956,
      "panLfoHz": 0.05,
      "panLfoDepth": 0.9429049681038374,
      "note": -16
    },
    {
      "amp": 0.020593601249832102,
      "ampLfoDepth": 1.557515229583709,
      "ampLfoHz": 0.015322884424771005,
      "ampLfoSpeedModDepthHz": 4.738454353166384,
      "ampLfoSpeedModHz": 0.02,
      "ampLfo2Hz": 0.1553365970925348,
      "ampLfo2Depth": 1.6,
      "ampLfo2SpeedModDepthHz": 5,
      "ampLfo2SpeedModHz": 0.35,
      "fastAmpLfoHz": 10.327012203438668,
      "fastAmpLfoDepth": 0.06076385272944567,
      "fastAmpLfoSpeedModDepthHz": 1,
      "fastAmpLfoSpeedModHz": 0.01879604914763046,
      "panLfoHz": 0.045927325654828446,
      "panLfoDepth": 0.9037583684615693,
      "note": -14
    },
    {
      "amp": 0.020823241990879936,
      "ampLfoDepth": 1.5809426937304758,
      "ampLfoHz": 0.03974016015407516,
      "ampLfoSpeedModDepthHz": 4.960994805689201,
      "ampLfoSpeedModHz": 0.04977282770630056,
      "ampLfo2Hz": 0.06389560731464299,
      "ampLfo2Depth": 1.6,
      "ampLfo2SpeedModDepthHz": 4.776345617202191,
      "ampLfo2SpeedModHz": 0.24539494939159145,
      "fastAmpLfoHz": 9.768382263509144,
      "fastAmpLfoDepth": 1.575197742682347,
      "fastAmpLfoSpeedModDepthHz": 1,
      "fastAmpLfoSpeedModHz": 0.01879148562975038,
      "panLfoHz": 0.05,
      "panLfoDepth": 0.95,
      "note": -19
    },
    {
      "amp": 0.01956880891599432,
      "ampLfoDepth": 1.492223336906471,
      "ampLfoHz": 0.01577013067292767,
      "ampLfoSpeedModDepthHz": 4.9655929986074545,
      "ampLfoSpeedModHz": 0.02,
      "ampLfo2Hz": 0.056122174267581086,
      "ampLfo2Depth": 1.5626740585311023,
      "ampLfo2SpeedModDepthHz": 5,
      "ampLfo2SpeedModHz": 0.27528902100347913,
      "fastAmpLfoHz": 8.329855573607764,
      "fastAmpLfoDepth": 0.5178317199667898,
      "fastAmpLfoSpeedModDepthHz": 1,
      "fastAmpLfoSpeedModHz": 0.01653676663834478,
      "panLfoHz": 0.03568870526332224,
      "panLfoDepth": 0.9089827550165315,
      "note": -7
    },
    {
      "amp": 0.019928101953498114,
      "ampLfoDepth": 1.6,
      "ampLfoHz": 0.026607478251039922,
      "ampLfoSpeedModDepthHz": 4.769551445839356,
      "ampLfoSpeedModHz": 0.05257558201763762,
      "ampLfo2Hz": 0.11269422450256125,
      "ampLfo2Depth": 1.5314916792445565,
      "ampLfo2SpeedModDepthHz": 5,
      "ampLfo2SpeedModHz": 0.35,
      "fastAmpLfoHz": 2.6990189864308465,
      "fastAmpLfoDepth": 1.0126195155891575,
      "fastAmpLfoSpeedModDepthHz": 1,
      "fastAmpLfoSpeedModHz": 0.0350293410481085,
      "panLfoHz": 0.05,
      "panLfoDepth": 0.9292605768410164,
      "note": -15
    },
    {
      "amp": 0.019658691851785103,
      "ampLfoDepth": 1.5775652893470569,
      "ampLfoHz": 0.01757173679232542,
      "ampLfoSpeedModDepthHz": 4.78170092117081,
      "ampLfoSpeedModHz": 0.022893826050681257,
      "ampLfo2Hz": 0.05606006832523758,
      "ampLfo2Depth": 1.6,
      "ampLfo2SpeedModDepthHz": 4.989978805065616,
      "ampLfo2SpeedModHz": 0.35,
      "fastAmpLfoHz": 3.1637746668529223,
      "fastAmpLfoDepth": 1.1712044888555309,
      "fastAmpLfoSpeedModDepthHz": 1,
      "fastAmpLfoSpeedModHz": 0.01681969797852954,
      "panLfoHz": 0.03618590324306894,
      "panLfoDepth": 0.95,
      "note": -15
    },
    {
      "amp": 0.019039296850780794,
      "ampLfoDepth": 1.5745146068980531,
      "ampLfoHz": 0.03756675094208256,
      "ampLfoSpeedModDepthHz": 5,
      "ampLfoSpeedModHz": 0.051980361296948885,
      "ampLfo2Hz": 0.05577762635701219,
      "ampLfo2Depth": 1.5767467514315499,
      "ampLfo2SpeedModDepthHz": 4.897969916741822,
      "ampLfo2SpeedModHz": 0.2102260297437601,
      "fastAmpLfoHz": 10.111121343131027,
      "fastAmpLfoDepth": 1.5357698170971579,
      "fastAmpLfoSpeedModDepthHz": 1,
      "fastAmpLfoSpeedModHz": 0.03402436623686068,
      "panLfoHz": 0.05,
      "panLfoDepth": 0.9451020694202981,
      "note": -11
    },
    {
      "amp": 0.020849577455071166,
      "ampLfoDepth": 1.5811723130158475,
      "ampLfoHz": 0.01962798465547484,
      "ampLfoSpeedModDepthHz": 4.810377540092538,
      "ampLfoSpeedModHz": 0.052642522746498666,
      "ampLfo2Hz": 0.0739221695970805,
      "ampLfo2Depth": 1.6,
      "ampLfo2SpeedModDepthHz": 5,
      "ampLfo2SpeedModHz": 0.35,
      "fastAmpLfoHz": 5.029754804382587,
      "fastAmpLfoDepth": 0.962774521830062,
      "fastAmpLfoSpeedModDepthHz": 1,
      "fastAmpLfoSpeedModHz": 0.038285993668736314,
      "panLfoHz": 0.04163941612970862,
      "panLfoDepth": 0.95,
      "note": -14
    }
  ],
  "voiceMacros": {
    "amp": 0.02,
    "ampLfoDepth": 1.5598891126271077,
    "ampLfoHz": 0.028578673858795936,
    "ampLfoSpeedModDepthHz": 5,
    "ampLfoSpeedModHz": 0.035,
    "ampLfo2Hz": 0.10961219979208248,
    "ampLfo2Depth": 1.6,
    "ampLfo2SpeedModDepthHz": 5,
    "ampLfo2SpeedModHz": 0.35,